test_image,response,resptime
H2_1.0_chroma.JPG,5,30.199716
H23_1.0_chroma.JPG,5,15.817062
I23_1.0_chroma.JPG,7,10.468154
H17_1.0_chroma.JPG,2,33.335867
H22_1.0_chroma.JPG,7,10.96697
I07_1.0_chroma.JPG,5,15.162423
H27_1.0_chroma.JPG,4,5.577271
I14_1.0_chroma.JPG,5,4.479521
H10_1.0_chroma.JPG,6,9.330626
H24_1.0_chroma.JPG,5,7.050378
H0_1.0_chroma.JPG,6,5.768565
H4_1.0_chroma.JPG,2,3.789982
H14_1.0_chroma.JPG,3,2.492641
I20_1.0_chroma.JPG,5,2.154738
H3_1.0_chroma.JPG,2,4.105018
H21_1.0_chroma.JPG,3,2.071802
H20_1.0_chroma.JPG,4,4.614221
H7_1.0_chroma.JPG,3,4.425297
I15_1.0_chroma.JPG,8,6.610839
I22_1.0_chroma.JPG,6,2.271617
H18_1.0_chroma.JPG,6,4.488786
H9_1.0_chroma.JPG,3,2.505665
I01_1.0_chroma.JPG,2,2.041479
I16_1.0_chroma.JPG,6,2.122619
H26_1.0_chroma.JPG,4,8.426255
I06_1.0_chroma.JPG,6,1.68483
H29_1.0_chroma.JPG,3,1.669615
I03_1.0_chroma.JPG,7,2.511849
H25_1.0_chroma.JPG,8,3.479059
I08_1.0_chroma.JPG,4,2.307552
H13_1.0_chroma.JPG,3,1.990489
H6_1.0_chroma.JPG,2,2.698923
H16_1.0_chroma.JPG,4,2.098794
I13_1.0_chroma.JPG,8,4.293214
H8_1.0_chroma.JPG,5,1.716532
H28_1.0_chroma.JPG,6,3.082876
H12_1.0_chroma.JPG,6,3.375881
H1_1.0_chroma.JPG,4,9.722681
H5_1.0_chroma.JPG,6,4.631461
I21_1.0_chroma.JPG,8,2.002345
I12_1.0_chroma.JPG,8,5.186303
H11_1.0_chroma.JPG,2,7.734881
I04_1.0_chroma.JPG,9,4.919726
H15_1.0_chroma.JPG,8,5.716971
H19_1.0_chroma.JPG,4,2.585353
